id,artist.name,project.name,weeks.nr1,number.collaborators,weeks.nr1.adj,award,type,city.origin,kreis.origin,state.origin,running.number
187 Strassenbande-Sampler 4-album,187 Strassenbande,Sampler 4,2,1,2,1× Platin,album,Hamburg,Hamburg,Hamburg,1
187 Strassenbande-Sampler 5-album,187 Strassenbande,Sampler 5,1,1,1,NA,album,Hamburg,Hamburg,Hamburg,2
257ers-Boomshakkalakka-album,257ers,Boomshakkalakka,1,1,1,NA,album,Essen,Essen,Nordrhein-Westfalen,3
257ers-Mikrokosmos-album,257ers,Mikrokosmos,1,1,1,NA,album,Essen,Essen,Nordrhein-Westfalen,4
AK Ausserkontrolle-A.S.S.N. 2-album,AK Ausserkontrolle,A.S.S.N. 2,1,1,1,NA,album,Berlin,Berlin,Berlin,5
AK Ausserkontrolle feat.  Bonez MC-In meinem Benz-single,AK Ausserkontrolle,In meinem Benz,1,2,0.5,1 × Platin,single,Berlin,Berlin,Berlin,6
AK Ausserkontrolle feat.  Bonez MC-In meinem Benz-single,Bonez MC,In meinem Benz,1,2,0.5,1 × Platin,single,Hamburg,Hamburg,Hamburg,7
Alligatoah-Triebwerke-album,Alligatoah,Triebwerke,1,1,1,1× Platin,album,Langen bei Bremerhaven,Cuxhaven,Niedersachsen,8
"Alligatoah-Schlaftabletten, Rotwein V-album",Alligatoah,"Schlaftabletten, Rotwein V",1,1,1,NA,album,Langen bei Bremerhaven,Cuxhaven,Niedersachsen,9
Antilopen Gang-Anarchie und Alltag-album,Koljah,Anarchie und Alltag,1,3,0.3333333333333333,NA,album,Düsseldorf,Düsseldorf,Nordrhein-Westfalen,10
Antilopen Gang-Anarchie und Alltag-album,Aachen,Anarchie und Alltag,1,3,0.3333333333333333,NA,album,Aachen,Städteregion Aachen,Nordrhein-Westfalen,11
Antilopen Gang-Anarchie und Alltag-album,Aachen,Anarchie und Alltag,1,3,0.3333333333333333,NA,album,Aachen,Städteregion Aachen,Nordrhein-Westfalen,12
Apache 207-Treppenhaus-album,Apache 207,Treppenhaus,1,1,1,NA,album,Ludwigshafen am Rhein,Ludwigshafen am Rhein,Rheinland-Pfalz,13
Apache 207-Roller-single,Apache 207,Roller,1,1,1,1 × Diamant,single,Ludwigshafen am Rhein,Ludwigshafen am Rhein,Rheinland-Pfalz,14
Apache 207-Wieso tust du dir das an?-single,Apache 207,Wieso tust du dir das an?,1,1,1,1 × Platin,single,Ludwigshafen am Rhein,Ludwigshafen am Rhein,Rheinland-Pfalz,15
Apache 207-Fame-single,Apache 207,Fame,2,1,2,1 × Platin,single,Ludwigshafen am Rhein,Ludwigshafen am Rhein,Rheinland-Pfalz,16
Apache 207-Boot-single,Apache 207,Boot,1,1,1,1 × Gold,single,Ludwigshafen am Rhein,Ludwigshafen am Rhein,Rheinland-Pfalz,17
Apache 207-Bläulich-single,Apache 207,Bläulich,3,1,3,1 × Platin,single,Ludwigshafen am Rhein,Ludwigshafen am Rhein,Rheinland-Pfalz,18
Apache 207-Unterwegs-single,Apache 207,Unterwegs,1,1,1,1 × Gold,single,Ludwigshafen am Rhein,Ludwigshafen am Rhein,Rheinland-Pfalz,19
Apache 207-Sie ruft-single,Apache 207,Sie ruft,1,1,1,NA,single,Ludwigshafen am Rhein,Ludwigshafen am Rhein,Rheinland-Pfalz,20
Apache 207-Angst-single,Apache 207,Angst,1,1,1,NA,single,Ludwigshafen am Rhein,Ludwigshafen am Rhein,Rheinland-Pfalz,21
Apache 207-Kapitel II Vodka-single,Apache 207,Kapitel II Vodka,1,1,1,NA,single,Ludwigshafen am Rhein,Ludwigshafen am Rhein,Rheinland-Pfalz,22
Azad-Leben II-album,Azad,Leben II,1,1,1,NA,album,Frankfurt am Main,Frankfurt am Main,Hessen,23
Azad feat.  Adel Tawil-Prison Break Anthem (Ich glaub’ an dich)-single,Azad,Prison Break Anthem (Ich glaub’ an dich),1,2,0.5,1 × Gold,single,Frankfurt am Main,Frankfurt am Main,Hessen,24
Azad feat.  Adel Tawil-Prison Break Anthem (Ich glaub’ an dich)-single,Adel Tawil,Prison Break Anthem (Ich glaub’ an dich),1,2,0.5,1 × Gold,single,Berlin,Berlin,Berlin,25
Azet-Fast Life-album,Azet,Fast Life,1,1,1,NA,album,Dresden,Dresden,Sachsen,26
Azet-Neue Welt-album,Azet,Neue Welt,1,1,1,NA,album,Dresden,Dresden,Sachsen,27
Azet   Zuna-Super Plus-album,Zuna,Super Plus,1,2,0.5,NA,album,Dresden,Dresden,Sachsen,28
Azet   Zuna-Super Plus-album,Azet,Super Plus,1,2,0.5,NA,album,Dresden,Dresden,Sachsen,29
B-Tight-A.i.d.S. Royal-album,B-Tight,A.i.d.S. Royal,1,1,1,NA,album,Berlin,Berlin,Berlin,30
Bausa-Was du Liebe nennst-single,Bausa,Was du Liebe nennst,9,1,9,7 × Gold,single,Saarbrücken,Regionalverband Saarbrücken,Saarland,31
Bausa feat.  Apache 207-Madonna-single,Bausa,Madonna,1,2,0.5,1 × Platin,single,Bietigheim-Bissingen,Ludwigsburg,Baden-Württemberg,32
Bausa feat.  Apache 207-Madonna-single,Apache 207,Madonna,1,2,0.5,1 × Platin,single,Ludwigshafen am Rhein,Ludwigshafen am Rhein,Rheinland-Pfalz,33
Beginner-Blast Action Heroes-album,Beginner,Blast Action Heroes,1,1,1,NA,album,Hamburg,Hamburg,Hamburg,34
Beginner-Advanced Chemistry-album,Beginner,Advanced Chemistry,1,1,1,1× Platin,album,Hamburg,Hamburg,Hamburg,35
Bonez MC-Hollywood-album,Bonez MC,Hollywood,1,1,1,1 × Gold,album,Hamburg,Hamburg,Hamburg,36
Bonez MC-Hollywood Uncut-album,Bonez MC,Hollywood Uncut,1,1,1,NA,album,Hamburg,Hamburg,Hamburg,37
Bonez MC-Roadrunner-single,Bonez MC,Roadrunner,1,1,1,1 × Gold,single,Hamburg,Hamburg,Hamburg,38
Bonez MC-Big Body Benz-single,Bonez MC,Big Body Benz,1,1,1,1 × Gold,single,Hamburg,Hamburg,Hamburg,39
Bonez MC-Fuckst mich nur ab-single,Bonez MC,Fuckst mich nur ab,1,1,1,1 × Gold,single,Hamburg,Hamburg,Hamburg,40
Bonez MC-Angeklagt-single,Bonez MC,Angeklagt,3,1,3,1 × Gold,single,Hamburg,Hamburg,Hamburg,41
Bonez MC  Osterreich RAF Camora-Palmen aus Plastik-album,Bonez MC,Palmen aus Plastik,2,2,1,1× Platin,album,Hamburg,Hamburg,Hamburg,42
Bonez MC  Osterreich RAF Camora-Palmen aus Plastik 2-album,Bonez MC,Palmen aus Plastik 2,1,2,0.5,1× Gold,album,Hamburg,Hamburg,Hamburg,43
Bonez MC  Osterreich RAF Camora-Palmen aus Plastik 3-album,Bonez MC,Palmen aus Plastik 3,1,2,0.5,NA,album,Hamburg,Hamburg,Hamburg,44
Bonez MC  Osterreich RAF Camora-500 PS-single,Bonez MC,500 PS,1,2,0.5,1 × Diamant,single,Hamburg,Hamburg,Hamburg,45
Bonez MC  Osterreich RAF Camora feat.  Gzuz-Kokain-single,Bonez MC,Kokain,1,3,0.3333333333333333,1 × Platin,single,Hamburg,Hamburg,Hamburg,46
Bonez MC  Osterreich RAF Camora feat.  Gzuz-Kokain-single,Gzuz,Kokain,1,3,0.3333333333333333,1 × Platin,single,Hamburg,Hamburg,Hamburg,47
Bonez MC feat.  Frauenarzt-Extasy-single,Bonez MC,Extasy,1,2,0.5,1 × Gold,single,Hamburg,Hamburg,Hamburg,48
Bonez MC feat.  Frauenarzt-Extasy-single,Frauenarzt,Extasy,1,2,0.5,1 × Gold,single,Berlin,Berlin,Berlin,49
Bushido-7-album,Bushido,7,2,1,2,1× Platin,album,Berlin,Berlin,Berlin,50
Bushido-Heavy Metal Payback-album,Bushido,Heavy Metal Payback,1,1,1,1× Gold,album,Berlin,Berlin,Berlin,51
Bushido-Jenseits von Gut und Böse-album,Bushido,Jenseits von Gut und Böse,1,1,1,NA,album,Berlin,Berlin,Berlin,52
Bushido-AMYF-album,Bushido,AMYF,1,1,1,1× Gold,album,Berlin,Berlin,Berlin,53
Bushido-Sonny Black-album,Bushido,Sonny Black,1,1,1,1× Gold,album,Berlin,Berlin,Berlin,54
Bushido-Carlo Cokxxx Nutten 3-album,Bushido,Carlo Cokxxx Nutten 3,1,1,1,1× Gold,album,Berlin,Berlin,Berlin,55
Bushido-Black Friday-album,Bushido,Black Friday,1,1,1,1× Gold,album,Berlin,Berlin,Berlin,56
Bushido-Mythos-album,Bushido,Mythos,1,1,1,NA,album,Berlin,Berlin,Berlin,57
Bushido   Animus-Carlo Cokxxx Nutten 4-album,Bushido,Carlo Cokxxx Nutten 4,1,2,0.5,NA,album,Berlin,Berlin,Berlin,58
Bushido   Animus-Carlo Cokxxx Nutten 4-album,Animus,Carlo Cokxxx Nutten 4,1,2,0.5,NA,album,Heidelberg,Heidelberg,Baden-Württemberg,59
Bushido   Shindy-CLA$$IC-album,Bushido,CLA$$IC,1,2,0.5,1× Gold,album,Berlin,Berlin,Berlin,60
Bushido   Shindy-CLA$$IC-album,Shindy,CLA$$IC,1,2,0.5,1× Gold,album,Bietigheim-Bissingen,Ludwigsburg,Baden-Württemberg,61
Bushido feat.  Samra   Capital Bra-Für euch alle-single,Bushido,Für euch alle,1,3,0.3333333333333333,1 × Gold,single,Berlin,Berlin,Berlin,62
Bushido feat.  Samra   Capital Bra-Für euch alle-single,Samra,Für euch alle,1,3,0.3333333333333333,1 × Gold,single,Berlin,Berlin,Berlin,63
Bushido feat.  Samra   Capital Bra-Für euch alle-single,Capital Bra,Für euch alle,1,3,0.3333333333333333,1 × Gold,single,Berlin,Berlin,Berlin,64
Capital Bra-Berlin lebt-album,Capital Bra,Berlin lebt,1,1,1,1× Gold,album,Berlin,Berlin,Berlin,65
Capital Bra-CB6-album,Capital Bra,CB6,1,1,1,1× Gold,album,Berlin,Berlin,Berlin,66
Capital Bra-CB7-album,Capital Bra,CB7,1,1,1,NA,album,Berlin,Berlin,Berlin,67
Capital Bra-5 Songs in einer Nacht-single,Capital Bra,5 Songs in einer Nacht,1,1,1,1 × Gold,single,Berlin,Berlin,Berlin,68
Capital Bra-One Night Stand-single,Capital Bra,One Night Stand,2,1,2,1 × Platin,single,Berlin,Berlin,Berlin,69
Capital Bra-Berlin lebt-single,Capital Bra,Berlin lebt,1,1,1,1 × Gold,single,Berlin,Berlin,Berlin,70
Capital Bra-Benzema-single,Capital Bra,Benzema,1,1,1,1 × Platin,single,Berlin,Berlin,Berlin,71
Capital Bra-Prinzessa-single,Capital Bra,Prinzessa,2,1,2,1 × Platin,single,Berlin,Berlin,Berlin,72
Capital Bra-Cherry Lady-single,Capital Bra,Cherry Lady,1,1,1,1 × Platin,single,Berlin,Berlin,Berlin,73
Capital Bra-Der Bratan bleibt der gleiche-single,Capital Bra,Der Bratan bleibt der gleiche,1,1,1,NA,single,Berlin,Berlin,Berlin,74
Capital Bra   Farid Bang-Deutschrap brandneu-album,Capital Bra,Deutschrap brandneu,1,2,0.5,NA,album,Berlin,Berlin,Berlin,75
Capital Bra   Farid Bang-Deutschrap brandneu-album,Farid Bang,Deutschrap brandneu,1,2,0.5,NA,album,Düsseldorf,Düsseldorf,Nordrhein-Westfalen,76
Capital Bra   Loredana-Nicht verdient-single,Capital Bra,Nicht verdient,1,2,0.5,NA,single,Berlin,Berlin,Berlin,77
Capital Bra   Samra-Berlin lebt 2-album,Capital Bra,Berlin lebt 2,1,2,0.5,1× Gold,album,Berlin,Berlin,Berlin,78
Capital Bra   Samra-Berlin lebt 2-album,Samra,Berlin lebt 2,1,2,0.5,1× Gold,album,Berlin,Berlin,Berlin,79
Capital Bra   Samra-Wir ticken-single,Capital Bra,Wir ticken,1,2,0.5,1 × Gold,single,Berlin,Berlin,Berlin,80
Capital Bra   Samra-Wir ticken-single,Samra,Wir ticken,1,2,0.5,1 × Gold,single,Berlin,Berlin,Berlin,81
Capital Bra   Samra-Tilidin-single,Capital Bra,Tilidin,2,2,1,3 × Gold,single,Berlin,Berlin,Berlin,82
Capital Bra   Samra-Tilidin-single,Samra,Tilidin,2,2,1,3 × Gold,single,Berlin,Berlin,Berlin,83
Capital Bra   Samra-Nummer 1-single,Capital Bra,Nummer 1,1,2,0.5,NA,single,Berlin,Berlin,Berlin,84
Capital Bra   Samra-Nummer 1-single,Samra,Nummer 1,1,2,0.5,NA,single,Berlin,Berlin,Berlin,85
Capital Bra   Samra feat.  LEA-110-single,Capital Bra,110,2,3,0.6666666666666666,3 × Gold,single,Berlin,Berlin,Berlin,86
Capital Bra   Samra feat.  LEA-110-single,Samra,110,2,3,0.6666666666666666,3 × Gold,single,Berlin,Berlin,Berlin,87
Capital Bra   Samra feat.  LEA-110-single,LEA,110,2,3,0.6666666666666666,3 × Gold,single,Kassel,Kassel,Hessen,88
Capital Bra feat.  Cro-Frühstück in Paris-single,Capital Bra,Frühstück in Paris,1,2,0.5,1 × Gold,single,Berlin,Berlin,Berlin,89
Capital Bra feat.  Cro-Frühstück in Paris-single,Cro,Frühstück in Paris,1,2,0.5,1 × Gold,single,Stuttgart,Stuttgart,Baden-Württemberg,90
Capital Bra feat.  Juju-Melodien-single,Capital Bra,Melodien,1,2,0.5,1 × Platin,single,Berlin,Berlin,Berlin,91
Capital Bra feat.  Juju-Melodien-single,Juju,Melodien,1,2,0.5,1 × Platin,single,Berlin,Berlin,Berlin,92
Capital Bra feat.  Luciano   Eno-Roli Glitzer Glitzer-single,Capital Bra,Roli Glitzer Glitzer,1,3,0.3333333333333333,1 × Gold,single,Berlin,Berlin,Berlin,93
Capital Bra feat.  Luciano   Eno-Roli Glitzer Glitzer-single,Luciano,Roli Glitzer Glitzer,1,3,0.3333333333333333,1 × Gold,single,Berlin,Berlin,Berlin,94
Capital Bra feat.  Luciano   Eno-Roli Glitzer Glitzer-single,Eno,Roli Glitzer Glitzer,1,3,0.3333333333333333,1 × Gold,single,Wiesbaden,Wiesbaden,Hessen,95
Capital Bra feat.  Ufo361-Neymar-single,Capital Bra,Neymar,3,2,1.5,1 × Platin,single,Berlin,Berlin,Berlin,96
Capital Bra feat.  Ufo361-Neymar-single,Ufo361,Neymar,3,2,1.5,1 × Platin,single,Berlin,Berlin,Berlin,97
Casper-XOXO-album,Casper,XOXO,1,1,1,3× Gold,album,Bielefeld,Bielefeld,Nordrhein-Westfalen,98
Casper-Hinterland-album,Casper,Hinterland,1,1,1,3× Gold,album,Bielefeld,Bielefeld,Nordrhein-Westfalen,99
Casper-Lang lebe der Tod-album,Casper,Lang lebe der Tod,1,1,1,NA,album,Bielefeld,Bielefeld,Nordrhein-Westfalen,100
Casper-Alles war schön und nichts tat weh-album,Casper,Alles war schön und nichts tat weh,1,1,1,NA,album,Bielefeld,Bielefeld,Nordrhein-Westfalen,101
Cro-Raop-album,Cro,Raop,5,1,5,5× Gold,album,Stuttgart,Stuttgart,Baden-Württemberg,102
Cro-Melodie-album,Cro,Melodie,1,1,1,3× Gold,album,Stuttgart,Stuttgart,Baden-Württemberg,103
Cro-MTV Unplugged: Cro-album,Cro,MTV Unplugged: Cro,1,1,1,1× Platin,album,Stuttgart,Stuttgart,Baden-Württemberg,104
Cro-tru.-album,Cro,tru.,1,1,1,NA,album,Stuttgart,Stuttgart,Baden-Württemberg,105
Cro-Trip-album,Cro,Trip,1,1,1,NA,album,Stuttgart,Stuttgart,Baden-Württemberg,106
Cro-11:11-album,Cro,11:11,1,1,1,NA,album,Stuttgart,Stuttgart,Baden-Württemberg,107
Cro-Whatever-single,Cro,Whatever,1,1,1,3 × Gold,single,Stuttgart,Stuttgart,Baden-Württemberg,108
Cro-Traum-single,Cro,Traum,4,1,4,2 × Platin,single,Stuttgart,Stuttgart,Baden-Württemberg,109
Cro-Bye Bye-single,Cro,Bye Bye,3,1,3,1 × Platin,single,Stuttgart,Stuttgart,Baden-Württemberg,110
Culcha Candela-Hamma!-single,Culcha Candela,Hamma!,6,1,6,1 × Platin,single,Berlin,Berlin,Berlin,111
Danger Dan-Das ist alles von der Kunstfreiheit gedeckt-album,Danger Dan,Das ist alles von der Kunstfreiheit gedeckt,1,1,1,NA,album,Aachen,Städteregion Aachen,Nordrhein-Westfalen,112
Deichkind-Niveau weshalb warum-album,Deichkind,Niveau weshalb warum,1,1,1,1× Platin,album,Hamburg,Hamburg,Hamburg,113
Dendemann-Da nich für!-album,Dendemann,Da nich für!,1,1,1,NA,album,Menden,Märkischer Kreis,Nordrhein-Westfalen,114
Die Fantastischen Vier-4:99-album,Die Fantastischen Vier,4:99,3,1,3,1× Gold,album,Stuttgart,Stuttgart,Baden-Württemberg,115
Die Fantastischen Vier-Fornika-album,Die Fantastischen Vier,Fornika,1,1,1,1× Platin,album,Stuttgart,Stuttgart,Baden-Württemberg,116
Die Fantastischen Vier-Für dich immer noch Fanta Sie-album,Die Fantastischen Vier,Für dich immer noch Fanta Sie,1,1,1,1× Platin,album,Stuttgart,Stuttgart,Baden-Württemberg,117
Die Fantastischen Vier-MTV Unplugged II-album,Die Fantastischen Vier,MTV Unplugged II,1,1,1,NA,album,Stuttgart,Stuttgart,Baden-Württemberg,118
Die Fantastischen Vier-Rekord-album,Die Fantastischen Vier,Rekord,1,1,1,3× Gold,album,Stuttgart,Stuttgart,Baden-Württemberg,119
Die Fantastischen Vier-Sie ist weg-single,Die Fantastischen Vier,Sie ist weg,3,1,3,1 × Gold,single,Stuttgart,Stuttgart,Baden-Württemberg,120
Edo Saiya-Polar-album,Edo Saiya,Polar,1,1,1,NA,album,Köln,Köln,Nordrhein-Westfalen,121
Eko Fresh-Eksodus-album,Eko Fresh,Eksodus,1,1,1,NA,album,Köln,Köln,Nordrhein-Westfalen,122
Eno feat.  Mero-Ferrari-single,Eno,Ferrari,1,2,0.5,1 × Gold,single,Wiesbaden,Wiesbaden,Hessen,123
Eno feat.  Mero-Ferrari-single,Mero,Ferrari,1,2,0.5,1 × Gold,single,Rüsselsheim am Main,Groß-Gerau,Hessen,124
Farid Bang-Killa-album,Farid Bang,Killa,1,1,1,1× Gold,album,Düsseldorf,Düsseldorf,Nordrhein-Westfalen,125
Farid Bang-Asphalt Massaka 3-album,Farid Bang,Asphalt Massaka 3,1,1,1,1× Gold,album,Düsseldorf,Düsseldorf,Nordrhein-Westfalen,126
Farid Bang-Asozialer Marokkaner-album,Farid Bang,Asozialer Marokkaner,1,1,1,NA,album,Düsseldorf,Düsseldorf,Nordrhein-Westfalen,127
Favorite-Neues von Gott-album,Favorite,Neues von Gott,1,1,1,NA,album,Essen,Essen,Nordrhein-Westfalen,128
Finch-Rummelbums-album,Finch,Rummelbums,1,1,1,NA,album,Fürstenwalde,Oder-Spree,Brandenburg,129
Fler-Vibe-album,Fler,Vibe,1,1,1,NA,album,Berlin,Berlin,Berlin,130
Fler-Colucci-album,Fler,Colucci,1,1,1,NA,album,Berlin,Berlin,Berlin,131
Fler-Atlantis-album,Fler,Atlantis,1,1,1,NA,album,Berlin,Berlin,Berlin,132
Fler-Widder-album,Fler,Widder,1,1,1,NA,album,Berlin,Berlin,Berlin,133
Fler   Jalil-Epic-album,Fler,Epic,1,2,0.5,NA,album,Berlin,Berlin,Berlin,134
Fler   Jalil-Epic-album,Jalil,Epic,1,2,0.5,NA,album,Berlin,Berlin,Berlin,135
Frank White-Keiner kommt klar mit mir-album,Frank White,Keiner kommt klar mit mir,1,1,1,NA,album,Berlin,Berlin,Berlin,136
Genetikk-D.N.A.-album,Genetikk,D.N.A.,1,1,1,1× Gold,album,Saarbrücken,Regionalverband Saarbrücken,Saarland,137
Genetikk-Achter Tag-album,Genetikk,Achter Tag,1,1,1,1× Gold,album,Saarbrücken,Regionalverband Saarbrücken,Saarland,138
Genetikk-Y.A.L.A-album,Genetikk,Y.A.L.A,1,1,1,NA,album,Saarbrücken,Regionalverband Saarbrücken,Saarland,139
Genetikk-MDNA-album,Genetikk,MDNA,1,1,1,NA,album,Saarbrücken,Regionalverband Saarbrücken,Saarland,140
Gzuz-Wolke 7-album,Gzuz,Wolke 7,1,1,1,1× Gold,album,Hamburg,Hamburg,Hamburg,141
Gzuz-Gzuz-album,Gzuz,Gzuz,1,1,1,NA,album,Hamburg,Hamburg,Hamburg,142
Gzuz-Große Freiheit-album,Gzuz,Große Freiheit,1,1,1,NA,album,Hamburg,Hamburg,Hamburg,143
Gzuz   Bonez MC-High & Hungrig 2-album,Gzuz,High & Hungrig 2,1,2,0.5,1× Platin,album,Hamburg,Hamburg,Hamburg,144
Gzuz   Bonez MC-High & Hungrig 2-album,Bonez MC,High & Hungrig 2,1,2,0.5,1× Platin,album,Hamburg,Hamburg,Hamburg,145
Jan Delay-Mercedes-Dance-album,Jan Delay,Mercedes-Dance,1,1,1,1× Platin,album,Hamburg,Hamburg,Hamburg,146
Jan Delay-Wir Kinder vom Bahnhof Soul-album,Jan Delay,Wir Kinder vom Bahnhof Soul,2,1,2,1× Platin,album,Hamburg,Hamburg,Hamburg,147
Joker Bra   Vize-Baby-single,Joker Bra   Vize,Baby,1,1,1,1 × Platin,single,Berlin,Berlin,Berlin,148
Juju feat.  Henning May-Vermissen-single,Juju,Vermissen,2,2,1,1 × Platin,single,Berlin,Berlin,Berlin,149
Juju feat.  Henning May-Vermissen-single,Henning May,Vermissen,2,2,1,1 × Platin,single,Köln,Köln,Nordrhein-Westfalen,150
Juri-Bratans aus Favelas-album,Juri,Bratans aus Favelas,1,1,1,NA,album,Kassel,Kassel,Hessen,151
K.I.Z-Hurra die Welt geht unter-album,K.I.Z,Hurra die Welt geht unter,1,1,1,1× Gold,album,Berlin,Berlin,Berlin,152
K.I.Z-Rap über Hass-album,K.I.Z,Rap über Hass,1,1,1,NA,album,Berlin,Berlin,Berlin,153
"Kalazh44,  Capital Bra   Samra feat.  Nimo   Luciano-Royal Rumble-single",Kalazh44,Royal Rumble,1,5,0.2,1 × Gold,single,Berlin,Berlin,Berlin,154
"Kalazh44,  Capital Bra   Samra feat.  Nimo   Luciano-Royal Rumble-single",Capital Bra,Royal Rumble,1,5,0.2,1 × Gold,single,Berlin,Berlin,Berlin,155
"Kalazh44,  Capital Bra   Samra feat.  Nimo   Luciano-Royal Rumble-single",Samra,Royal Rumble,1,5,0.2,1 × Gold,single,Berlin,Berlin,Berlin,156
"Kalazh44,  Capital Bra   Samra feat.  Nimo   Luciano-Royal Rumble-single",Nimo,Royal Rumble,1,5,0.2,1 × Gold,single,Leonberg,Böblingen,Baden-Württemberg,157
"Kalazh44,  Capital Bra   Samra feat.  Nimo   Luciano-Royal Rumble-single",Luciano,Royal Rumble,1,5,0.2,1 × Gold,single,Berlin,Berlin,Berlin,158
Kasimir1441 feat.  badmómzjay-Ohne Dich-single,Kasimir1441,Ohne Dich,4,2,2,1 × Platin,single,Berlin,Berlin,Berlin,159
Kasimir1441 feat.  badmómzjay-Ohne Dich-single,Badmómzjay,Ohne Dich,4,2,2,1 × Platin,single,Berlin,Berlin,Berlin,160
Katja Krasavice-Boss Bitch-album,Katja Krasavice,Boss Bitch,1,1,1,NA,album,Leipzig,Leipzig,Sachsen,161
Katja Krasavice-Eure Mami-album,Katja Krasavice,Eure Mami,1,1,1,NA,album,Leipzig,Leipzig,Sachsen,162
Katja Krasavice-Pussy Power-album,Katja Krasavice,Pussy Power,1,1,1,NA,album,Leipzig,Leipzig,Sachsen,163
Katja Krasavice-Pussy Power-single,Katja Krasavice,Pussy Power,1,1,1,NA,single,Leipzig,Leipzig,Sachsen,164
Katja Krasavice feat.  Elif-Highway-single,Katja Krasavice,Highway,1,2,0.5,NA,single,Leipzig,Leipzig,Sachsen,165
Katja Krasavice feat.  Elif-Highway-single,Elif,Highway,1,2,0.5,NA,single,Berlin,Berlin,Berlin,166
Katja Krasavice feat.  Leony-Raindrops-single,Katja Krasavice,Raindrops,1,2,0.5,NA,single,Leipzig,Leipzig,Sachsen,167
Katja Krasavice feat.  Leony-Raindrops-single,Leony,Raindrops,1,2,0.5,NA,single,Chammünster,Cham,Bayern,168
Kay One-Rich Kidz-album,Kay One,Rich Kidz,1,1,1,1× Gold,album,Ravensburg,Ravensburg,Baden-Württemberg,169
Kay One feat.  Pietro Lombardi-Señorita-single,Kay One,Señorita,3,2,1.5,1 × Diamant,single,Ravensburg,Ravensburg,Baden-Württemberg,170
Kay One feat.  Pietro Lombardi-Señorita-single,Pietro Lombardi,Señorita,3,2,1.5,1 × Diamant,single,Karlsruhe,Karlsruhe,Baden-Württemberg,171
KC Rebell-Rebellution-album,KC Rebell,Rebellution,1,1,1,NA,album,Essen,Essen,Nordrhein-Westfalen,172
KC Rebell-Fata Morgana-album,KC Rebell,Fata Morgana,1,1,1,1× Gold,album,Essen,Essen,Nordrhein-Westfalen,173
KC Rebell-Abstand-album,KC Rebell,Abstand,1,1,1,1× Gold,album,Essen,Essen,Nordrhein-Westfalen,174
KC Rebell-Hasso-album,KC Rebell,Hasso,1,1,1,NA,album,Essen,Essen,Nordrhein-Westfalen,175
KC Rebell   Summer Cem-Maximum-album,KC Rebell,Maximum,1,2,0.5,NA,album,Essen,Essen,Nordrhein-Westfalen,176
KC Rebell   Summer Cem-Maximum-album,Summer Cem,Maximum,1,2,0.5,NA,album,Mönchengladbach,Mönchengladbach,Nordrhein-Westfalen,177
KC Rebell feat.  Summer Cem   Capital Bra-DNA-single,KC Rebell,DNA,1,3,0.3333333333333333,1 × Platin,single,Essen,Essen,Nordrhein-Westfalen,178
KC Rebell feat.  Summer Cem   Capital Bra-DNA-single,Summer Cem,DNA,1,3,0.3333333333333333,1 × Platin,single,Mönchengladbach,Mönchengladbach,Nordrhein-Westfalen,179
KC Rebell feat.  Summer Cem   Capital Bra-DNA-single,Capital Bra,DNA,1,3,0.3333333333333333,1 × Platin,single,Berlin,Berlin,Berlin,180
King Orgasmus One-Manifest-album,King Orgasmus One,Manifest,1,1,1,NA,album,Berlin,Berlin,Berlin,181
KitschKrieg feat.  Jamule-Unterwegs-single,KitschKrieg,Unterwegs,1,2,0.5,1 × Platin,single,Berlin,Berlin,Berlin,182
KitschKrieg feat.  Jamule-Unterwegs-single,Jamule,Unterwegs,1,2,0.5,1 × Platin,single,Essen,Essen,Nordrhein-Westfalen,183
"KitschKrieg feat.  Trettmann,  Gringo,  Ufo361   Gzuz-Standard-single",KitschKrieg,Standard,2,4,0.5,1 × Platin,single,Berlin,Berlin,Berlin,184
"KitschKrieg feat.  Trettmann,  Gringo,  Ufo361   Gzuz-Standard-single",Trettmann,Standard,2,4,0.5,1 × Platin,single,Chemnitz,Chemnitz,Sachsen,185
"KitschKrieg feat.  Trettmann,  Gringo,  Ufo361   Gzuz-Standard-single",Gringo,Standard,2,4,0.5,1 × Platin,single,Berlin,Berlin,Berlin,186
"KitschKrieg feat.  Trettmann,  Gringo,  Ufo361   Gzuz-Standard-single",Ufo361,Standard,2,4,0.5,1 × Platin,single,Berlin,Berlin,Berlin,187
Kollegah-King-album,Kollegah,King,1,1,1,3× Gold,album,Düsseldorf,Düsseldorf,Nordrhein-Westfalen,188
Kollegah-Zuhältertape Volume 4-album,Kollegah,Zuhältertape Volume 4,1,1,1,1× Platin,album,Düsseldorf,Düsseldorf,Nordrhein-Westfalen,189
Kollegah-Imperator-album,Kollegah,Imperator,1,1,1,1× Gold,album,Düsseldorf,Düsseldorf,Nordrhein-Westfalen,190
Kollegah-Monument-album,Kollegah,Monument,1,1,1,NA,album,Düsseldorf,Düsseldorf,Nordrhein-Westfalen,191
Kollegah-Alphagene II-album,Kollegah,Alphagene II,1,1,1,NA,album,Düsseldorf,Düsseldorf,Nordrhein-Westfalen,192
Kollegah   Asche-Natural Born Killas-album,Kollegah,Natural Born Killas,1,2,0.5,NA,album,Düsseldorf,Düsseldorf,Nordrhein-Westfalen,193
Kollegah   Asche-Natural Born Killas-album,Asche,Natural Born Killas,1,2,0.5,NA,album,Bochum,Bochum,Nordrhein-Westfalen,194
"Kollegah   Farid Bang-Jung, brutal, gutaussehend 2-album",Kollegah,"Jung, brutal, gutaussehend 2",1,2,0.5,1× Gold,album,Düsseldorf,Düsseldorf,Nordrhein-Westfalen,195
"Kollegah   Farid Bang-Jung, brutal, gutaussehend 2-album",Farid Bang,"Jung, brutal, gutaussehend 2",1,2,0.5,1× Gold,album,Düsseldorf,Düsseldorf,Nordrhein-Westfalen,196
Kollegah   Farid Bang-Jung Brutal Gutaussehend 3-album,Kollegah,Jung Brutal Gutaussehend 3,1,2,0.5,1× Platin,album,Düsseldorf,Düsseldorf,Nordrhein-Westfalen,197
Kollegah   Farid Bang-Jung Brutal Gutaussehend 3-album,Farid Bang,Jung Brutal Gutaussehend 3,1,2,0.5,1× Platin,album,Düsseldorf,Düsseldorf,Nordrhein-Westfalen,198
Kollegah   Farid Bang-Platin war gestern-album,Kollegah,Platin war gestern,1,2,0.5,NA,album,Düsseldorf,Düsseldorf,Nordrhein-Westfalen,199
Kollegah   Farid Bang-Platin war gestern-album,Farid Bang,Platin war gestern,1,2,0.5,NA,album,Düsseldorf,Düsseldorf,Nordrhein-Westfalen,200
Kollegah   Farid Bang-Sturmmaske auf (Intro)-single,Kollegah,Sturmmaske auf (Intro),1,2,0.5,NA,single,Düsseldorf,Düsseldorf,Nordrhein-Westfalen,201
Kollegah   Farid Bang-Sturmmaske auf (Intro)-single,Farid Bang,Sturmmaske auf (Intro),1,2,0.5,NA,single,Düsseldorf,Düsseldorf,Nordrhein-Westfalen,202
Kontra K-Labyrinth-album,Kontra K,Labyrinth,1,1,1,1× Gold,album,Berlin,Berlin,Berlin,203
Kontra K-Gute Nacht-album,Kontra K,Gute Nacht,1,1,1,1× Gold,album,Berlin,Berlin,Berlin,204
Kontra K-Erde & Knochen-album,Kontra K,Erde & Knochen,1,1,1,1× Gold,album,Berlin,Berlin,Berlin,205
Kontra K-Sie wollten Wasser doch kriegen Benzin-album,Kontra K,Sie wollten Wasser doch kriegen Benzin,1,1,1,1× Gold,album,Berlin,Berlin,Berlin,206
Kontra K-Vollmond-album,Kontra K,Vollmond,1,1,1,NA,album,Berlin,Berlin,Berlin,207
Kontra K-Aus dem Licht in den Schatten zurück-album,Kontra K,Aus dem Licht in den Schatten zurück,1,1,1,NA,album,Berlin,Berlin,Berlin,208
Kontra K-Für den Himmel durch die Hölle-album,Kontra K,Für den Himmel durch die Hölle,1,1,1,NA,album,Berlin,Berlin,Berlin,209
Kool Savas-Aura-album,Kool Savas,Aura,1,1,1,1× Gold,album,Berlin,Berlin,Berlin,210
Kool Savas-Märtyrer-album,Kool Savas,Märtyrer,1,1,1,1× Gold,album,Berlin,Berlin,Berlin,211
Kool Savas-KKS-album,Kool Savas,KKS,1,1,1,NA,album,Berlin,Berlin,Berlin,212
Kool Savas-Aghori-album,Kool Savas,Aghori,1,1,1,NA,album,Berlin,Berlin,Berlin,213
Kraftklub-Mit K-album,Kraftklub,Mit K,1,1,1,1× Platin,album,Chemnitz,Chemnitz,Sachsen,214
Kraftklub-In Schwarz-album,Kraftklub,In Schwarz,1,1,1,1× Gold,album,Chemnitz,Chemnitz,Sachsen,215
Kraftklub-Keine Nacht für Niemand-album,Kraftklub,Keine Nacht für Niemand,1,1,1,1× Gold,album,Chemnitz,Chemnitz,Sachsen,216
Kummer-Kiox-album,Kummer,Kiox,1,1,1,NA,album,Chemnitz,Chemnitz,Sachsen,217
Kummer feat.  Fred Rabe-Der letzte Song (Alles wird gut)-single,Kummer,Der letzte Song (Alles wird gut),2,2,1,1 × Gold,single,Chemnitz,Chemnitz,Sachsen,218
Kummer feat.  Fred Rabe-Der letzte Song (Alles wird gut)-single,Fred Rabe,Der letzte Song (Alles wird gut),2,2,1,1 × Gold,single,Hamm,Hamm,Nordrhein-Westfalen,219
Loredana   Juju feat.  Miksu   Macloud-Kein Wort-single,Juju,Kein Wort,2,2,1,1 × Platin,single,Berlin,Berlin,Berlin,220
Loredana   Zuna-Du bist mein-single,Zuna,Du bist mein,1,2,0.5,NA,single,Dresden,Dresden,Sachsen,221
Loredana feat.  Mero-Kein Plan-single,Mero,Kein Plan,1,2,0.5,1 × Gold,single,Rüsselsheim am Main,Groß-Gerau,Hessen,222
Luciano-Beautiful Girl-single,Luciano,Beautiful Girl,6,1,6,1 × Gold,single,Berlin,Berlin,Berlin,223
LX-Inhale/Exhale-album,LX,Inhale/Exhale,1,1,1,NA,album,Hamburg,Hamburg,Hamburg,224
LX   Maxwell-Obststand 2-album,LX,Obststand 2,1,2,0.5,NA,album,Hamburg,Hamburg,Hamburg,225
LX   Maxwell-Obststand 2-album,Maxwell,Obststand 2,1,2,0.5,NA,album,Hamburg,Hamburg,Hamburg,226
Majoe-Breiter als der Türsteher-album,Majoe,Breiter als der Türsteher,1,1,1,NA,album,Duisburg,Duisburg,Nordrhein-Westfalen,227
Majoe-Breiter als 2 Türsteher-album,Majoe,Breiter als 2 Türsteher,1,1,1,NA,album,Duisburg,Duisburg,Nordrhein-Westfalen,228
Majoe-Auge des Tigers-album,Majoe,Auge des Tigers,1,1,1,NA,album,Duisburg,Duisburg,Nordrhein-Westfalen,229
Makko   Miksu   Macloud-Nachts wach-single,Makko,Nachts wach,1,1,1,NA,single,Berlin,Berlin,Berlin,230
Marteria-Zum Glück in die Zukunft II-album,Marteria,Zum Glück in die Zukunft II,1,1,1,1× Platin,album,Rostock,Rostock,Mecklenburg-Vorpommern,231
Marteria   Casper-1982-album,Marteria,1982,1,2,0.5,NA,album,Rostock,Rostock,Mecklenburg-Vorpommern,232
Marteria   Casper-1982-album,Casper,1982,1,2,0.5,NA,album,Bielefeld,Bielefeld,Nordrhein-Westfalen,233
Marteria feat.  Yasha   Miss Platnum-Lila Wolken-single,Marteria,Lila Wolken,1,3,0.3333333333333333,1 × Platin,single,Berlin,Berlin,Berlin,234
Marteria feat.  Yasha   Miss Platnum-Lila Wolken-single,Yasha,Lila Wolken,1,3,0.3333333333333333,1 × Platin,single,Berlin,Berlin,Berlin,235
Marteria feat.  Yasha   Miss Platnum-Lila Wolken-single,Miss Platnum,Lila Wolken,1,3,0.3333333333333333,1 × Platin,single,Berlin,Berlin,Berlin,236
Max Herre-Max Herre-album,Max Herre,Max Herre,1,1,1,1× Gold,album,Stuttgart,Stuttgart,Baden-Württemberg,237
Max Herre-Hallo Welt!-album,Max Herre,Hallo Welt!,1,1,1,1× Gold,album,Stuttgart,Stuttgart,Baden-Württemberg,238
Mero-Ya Hero Ya Mero-album,Mero,Ya Hero Ya Mero,1,1,1,NA,album,Rüsselsheim am Main,Groß-Gerau,Hessen,239
Mero-Baller los-single,Mero,Baller los,1,1,1,1 × Gold,single,Rüsselsheim am Main,Groß-Gerau,Hessen,240
Mero-Hobby Hobby-single,Mero,Hobby Hobby,1,1,1,1 × Gold,single,Rüsselsheim am Main,Groß-Gerau,Hessen,241
Mero-Wolke 10-single,Mero,Wolke 10,1,1,1,1 × Gold,single,Rüsselsheim am Main,Groß-Gerau,Hessen,242
Montez-Auf & ab-single,Montez,Auf & ab,1,1,1,1 × Gold,single,Leopoldshöhe,Böblingen,Baden-Württemberg,243
Namika feat. Frankreich Black M-Je ne parle pas français (Beatgees Remix)-single,Namika,Je ne parle pas français (Beatgees Remix),1,2,0.5,1 × Platin,single,Frankfurt am Main,Frankfurt am Main,Hessen,244
Nana-Lonely-single,Nana,Lonely,5,1,5,1 × Platin,single,Hamburg,Hamburg,Hamburg,245
Nimo feat.  Hava-Kein Schlaf-single,Nimo,Kein Schlaf,1,2,0.5,1 × Gold,single,Leonberg,Böblingen,Baden-Württemberg,246
Nimo feat.  Hava-Kein Schlaf-single,Hava,Kein Schlaf,1,2,0.5,1 × Gold,single,Hamm,Hamm,Nordrhein-Westfalen,247
Olexesh-Rolexesh-album,Olexesh,Rolexesh,1,1,1,NA,album,Darmstadt,Darmstadt,Hessen,248
Olexesh feat.  Edin-Magisch-single,Olexesh,Magisch,1,2,0.5,1 × Platin,single,Darmstadt,Darmstadt,Hessen,249
Olexesh feat.  Edin-Magisch-single,Edin,Magisch,1,2,0.5,1 × Platin,single,Frankfurt am Main,Frankfurt am Main,Hessen,250
Osterreich RAF Camora feat.  Bonez MC-Blaues Licht-single,Bonez MC,Blaues Licht,1,2,0.5,1 × Platin,single,Hamburg,Hamburg,Hamburg,251
Osterreich RAF Camora feat.  Luciano-2CB-single,Luciano,2CB,1,2,0.5,1 × Gold,single,Berlin,Berlin,Berlin,252
Pashanim-Sommergewitter-single,Pashanim,Sommergewitter,1,1,1,1 × Gold,single,Berlin,Berlin,Berlin,253
Peter Fox-Stadtaffe-album,Peter Fox,Stadtaffe,4,1,4,13× Gold,album,Berlin,Berlin,Berlin,254
Prinz Pi-Kompass ohne Norden-album,Prinz Pi,Kompass ohne Norden,1,1,1,1× Gold,album,Berlin,Berlin,Berlin,255
Prinz Pi-Im Westen nix Neues-album,Prinz Pi,Im Westen nix Neues,1,1,1,NA,album,Berlin,Berlin,Berlin,256
Prinz Porno-pp=mc²-album,Prinz Porno,pp=mc²,1,1,1,NA,album,Berlin,Berlin,Berlin,257
Sabrina Setlur-Du liebst mich nicht-single,Sabrina Setlur,Du liebst mich nicht,1,1,1,1 × Gold,single,Frankfurt am Main,Frankfurt am Main,Hessen,258
Samra-Jibrail & Iblis-album,Samra,Jibrail & Iblis,1,1,1,NA,album,Berlin,Berlin,Berlin,259
Samra-Cataleya-single,Samra,Cataleya,1,1,1,1 × Gold,single,Berlin,Berlin,Berlin,260
Samra-Harami-single,Samra,Harami,1,1,1,1 × Gold,single,Berlin,Berlin,Berlin,261
Samra-Rohdiamant ٢٠٢٠-single,Samra,Rohdiamant ٢٠٢٠,1,1,1,NA,single,Berlin,Berlin,Berlin,262
Samra-Kennst du das?!-single,Samra,Kennst du das?!,1,1,1,NA,single,Berlin,Berlin,Berlin,263
Samra   Capital Bra-Wieder Lila-single,Samra,Wieder Lila,2,2,1,1 × Platin,single,Berlin,Berlin,Berlin,264
Samra   Capital Bra-Wieder Lila-single,Capital Bra,Wieder Lila,2,2,1,1 × Platin,single,Berlin,Berlin,Berlin,265
Samra   Capital Bra-Zombie-single,Samra,Zombie,1,2,0.5,NA,single,Berlin,Berlin,Berlin,266
Samra   Capital Bra-Zombie-single,Capital Bra,Zombie,1,2,0.5,NA,single,Berlin,Berlin,Berlin,267
Samy Deluxe-SchwarzWeiss-album,Samy Deluxe,SchwarzWeiss,1,1,1,1× Gold,album,Hamburg,Hamburg,Hamburg,268
Savas   Sido-Royal Bunker-album,Kool Savas,Royal Bunker,1,2,0.5,1× Gold,album,Berlin,Berlin,Berlin,269
Savas   Sido-Royal Bunker-album,Sido,Royal Bunker,1,2,0.5,1× Gold,album,Berlin,Berlin,Berlin,270
Seeed-Seeed-album,Seeed,Seeed,1,1,1,3× Gold,album,Berlin,Berlin,Berlin,271
Shindy-NWA-album,Shindy,NWA,1,1,1,1× Gold,album,Bietigheim-Bissingen,Ludwigsburg,Baden-Württemberg,272
Shindy-FVCKB!TCHE$GETMONE¥-album,Shindy,FVCKB!TCHE$GETMONE¥,1,1,1,1× Gold,album,Bietigheim-Bissingen,Ludwigsburg,Baden-Württemberg,273
Shindy-DREAMS-album,Shindy,DREAMS,1,1,1,1× Gold,album,Bietigheim-Bissingen,Ludwigsburg,Baden-Württemberg,274
Shindy-Drama-album,Shindy,Drama,1,1,1,1× Gold,album,Bietigheim-Bissingen,Ludwigsburg,Baden-Württemberg,275
Shindy-Dodi-single,Shindy,Dodi,1,1,1,1 × Gold,single,Bietigheim-Bissingen,Ludwigsburg,Baden-Württemberg,276
Shindy-Mandarinen-single,Shindy,Mandarinen,1,1,1,NA,single,Bietigheim-Bissingen,Ludwigsburg,Baden-Württemberg,277
Shirin David-Supersize-album,Shirin David,Supersize,1,1,1,NA,album,Hamburg,Hamburg,Hamburg,278
Shirin David-Gib ihm-single,Shirin David,Gib ihm,2,1,2,1 × Platin,single,Hamburg,Hamburg,Hamburg,279
Shirin David-90-60-111-single,Shirin David,90-60-111,1,1,1,NA,single,Hamburg,Hamburg,Hamburg,280
Shirin David-Ich darf das-single,Shirin David,Ich darf das,2,1,2,1 × Gold,single,Hamburg,Hamburg,Hamburg,281
Shirin David-Lieben wir-single,Shirin David,Lieben wir,1,1,1,NA,single,Hamburg,Hamburg,Hamburg,282
Shirin David feat.  Kitty Kat-Be a Hoe/Break a Hoe-single,Shirin David,Be a Hoe/Break a Hoe,1,2,0.5,NA,single,Hamburg,Hamburg,Hamburg,283
Shirin David feat.  Kitty Kat-Be a Hoe/Break a Hoe-single,Kitty Kat,Be a Hoe/Break a Hoe,1,2,0.5,NA,single,Berlin,Berlin,Berlin,284
Sido-Ich und meine Maske-album,Sido,Ich und meine Maske,1,1,1,1× Gold,album,Berlin,Berlin,Berlin,285
Sido-30-11-80-album,Sido,30-11-80,1,1,1,1× Platin,album,Berlin,Berlin,Berlin,286
Sido-Ich und keine Maske-album,Sido,Ich und keine Maske,1,1,1,1× Gold,album,Berlin,Berlin,Berlin,287
Sido feat.  Andreas Bourani-Astronaut-single,Sido,Astronaut,7,2,3.5,2 × Platin,single,Berlin,Berlin,Berlin,288
Sido feat.  Andreas Bourani-Astronaut-single,Andreas Bourani,Astronaut,7,2,3.5,2 × Platin,single,Augsburg,Augsburg,Bayern,289
Sierra Kidd-Naosu-album,Sierra Kidd,Naosu,1,1,1,NA,album,Emden,Emden,Niedersachsen,290
SpongeBOZZ-Planktonweed Tape-album,SpongeBOZZ,Planktonweed Tape,1,1,1,NA,album,Osnabrück,Osnabrück,Niedersachsen,291
"SSIO-0,9-album",SSIO,"0,9",1,1,1,1× Gold,album,Bonn,Bonn,Nordrhein-Westfalen,292
Summer Cem-Cemesis-album,Summer Cem,Cemesis,1,1,1,NA,album,Mönchengladbach,Mönchengladbach,Nordrhein-Westfalen,293
Summer Cem-Endstufe-album,Summer Cem,Endstufe,1,1,1,NA,album,Mönchengladbach,Mönchengladbach,Nordrhein-Westfalen,294
Sun Diego-Yellow Bar Mitzvah-album,Sun Diego,Yellow Bar Mitzvah,1,1,1,NA,album,Osnabrück,Osnabrück,Niedersachsen,295
T-Low   Miksu   Macloud-Sehnsucht-single,T-Low,Sehnsucht,4,1,4,1 × Gold,single,Lägerdorf,Steinburg,Schleswig-Holstein,296
T-Low   Miksu   Macloud-We Made It-single,T-Low,We Made It,1,1,1,1 × Gold,single,Lägerdorf,Steinburg,Schleswig-Holstein,297
Tarek K.I.Z-Golem-album,Tarek K.I.Z,Golem,1,1,1,NA,album,Berlin,Berlin,Berlin,298
Tic Tac Toe-Klappe die 2te-album,Lee,Klappe die 2te,7,4,1.75,2× Platin,album,Iserlohn,Märkischer Kreis,Nordrhein-Westfalen,299
Tic Tac Toe-Klappe die 2te-album,Jazzy,Klappe die 2te,7,4,1.75,2× Platin,album,Gelsenkirchen,Gelsenkirchen,Nordrhein-Westfalen,300
Tic Tac Toe-Klappe die 2te-album,Ricky,Klappe die 2te,7,4,1.75,2× Platin,album,Dortmund,Dortmund,Nordrhein-Westfalen,301
Tic Tac Toe-Verpiss’ dich-single,Lee,Verpiss’ dich,1,4,0.25,1 × Platin,single,Iserlohn,Märkischer Kreis,Nordrhein-Westfalen,302
Tic Tac Toe-Verpiss’ dich-single,Jazzy,Verpiss’ dich,1,4,0.25,1 × Platin,single,Gelsenkirchen,Gelsenkirchen,Nordrhein-Westfalen,303
Tic Tac Toe-Verpiss’ dich-single,Ricky,Verpiss’ dich,1,4,0.25,1 × Platin,single,Dortmund,Dortmund,Nordrhein-Westfalen,304
Tic Tac Toe-Warum?-single,Lee,Warum?,7,4,1.75,1 × Platin,single,Iserlohn,Märkischer Kreis,Nordrhein-Westfalen,305
Tic Tac Toe-Warum?-single,Jazzy,Warum?,7,4,1.75,1 × Platin,single,Gelsenkirchen,Gelsenkirchen,Nordrhein-Westfalen,306
Tic Tac Toe-Warum?-single,Ricky,Warum?,7,4,1.75,1 × Platin,single,Dortmund,Dortmund,Nordrhein-Westfalen,307
Trailerpark-TP4L-album,Alligatoah,TP4L,1,4,0.25,NA,album,Neuenwalde,Cuxhaven,Niedersachsen,308
Trailerpark-TP4L-album,Basti,TP4L,1,4,0.25,NA,album,Bielefeld,Bielefeld,Nordrhein-Westfalen,309
Trailerpark-TP4L-album,Timi Hendrix,TP4L,1,4,0.25,NA,album,Bielefeld,Bielefeld,Nordrhein-Westfalen,310
Trailerpark-TP4L-album,Sudden,TP4L,1,4,0.25,NA,album,Salzgitter,Salzgitter,Niedersachsen,311
Ufo361-808-album,Ufo361,808,1,1,1,NA,album,Berlin,Berlin,Berlin,312
Ufo361-Wave-album,Ufo361,Wave,1,1,1,NA,album,Berlin,Berlin,Berlin,313
Ufo361-Rich Rich-album,Ufo361,Rich Rich,1,1,1,NA,album,Berlin,Berlin,Berlin,314
Ufo361-Stay High-album,Ufo361,Stay High,1,1,1,NA,album,Berlin,Berlin,Berlin,315
Ufo361   Sonus030-Nur für Dich-album,Ufo361,Nur für Dich,1,1,1,NA,album,Berlin,Berlin,Berlin,316
Ufo361 feat.  Céline-Emotions-single,Ufo361,Emotions,1,2,0.5,1 × Gold,single,Berlin,Berlin,Berlin,317
Ufo361 feat.  Céline-Emotions-single,Céline,Emotions,1,2,0.5,1 × Gold,single,Paderborn,Paderborn,Nordrhein-Westfalen,318
Various Artists-Chronik 3-album,Kollegah,Chronik 3,1,5,0.2,NA,album,Düsseldorf,Düsseldorf,Nordrhein-Westfalen,319
Various Artists-Chronik 3-album,Favorite,Chronik 3,1,5,0.2,NA,album,Essen,Essen,Nordrhein-Westfalen,320
Various Artists-Chronik 3-album,257ers,Chronik 3,1,5,0.2,NA,album,Bielefeld,Bielefeld,Nordrhein-Westfalen,321
Various Artists-Chronik 3-album,Karate Andi,Chronik 3,1,5,0.2,NA,album,Göttingen,Göttingen,Niedersachsen,322
Various Artists-Chronik 3-album,Genetikk,Chronik 3,1,5,0.2,NA,album,Saarbrücken,Regionalverband Saarbrücken,Saarland,323
Vega-Kaos-album,Vega,Kaos,1,1,1,NA,album,Frankfurt am Main,Frankfurt am Main,Hessen,324
Weekend-Für immer Wochenende-album,Weekend,Für immer Wochenende,1,1,1,NA,album,Gelsenkirchen,Gelsenkirchen,Nordrhein-Westfalen,325
Xatar-Baba aller Babas-album,Xatar,Baba aller Babas,1,1,1,NA,album,Bonn,Bonn,Nordrhein-Westfalen,326
Xatar-Alles oder nix II-album,Xatar,Alles oder nix II,1,1,1,NA,album,Bonn,Bonn,Nordrhein-Westfalen,327
Xatar   Haftbefehl als Coup-Der Holland Job-album,Xatar,Der Holland Job,1,2,0.5,NA,album,Bonn,Bonn,Nordrhein-Westfalen,328
Xatar   Haftbefehl als Coup-Der Holland Job-album,Haftbefehl,Der Holland Job,1,2,0.5,NA,album,Frankfurt am Main,Frankfurt am Main,Hessen,329
Xavas-Gespaltene Persönlichkeit-album,Kool Savas,Gespaltene Persönlichkeit,1,2,0.5,1× Platin,album,Berlin,Berlin,Berlin,330
Xavas-Gespaltene Persönlichkeit-album,Xavier Naidoo,Gespaltene Persönlichkeit,1,2,0.5,1× Platin,album,Mannheim,Mannheim,Baden-Württemberg,331
